tid, volt
1404.312440,-0.000917
1404.815994,-0.000917
1405.320456,-0.000916
1405.826339,-0.000915
1406.331605,-0.000912
1406.838452,-0.000909
1407.344878,-0.000905
1407.852328,-0.000901
1408.357160,-0.000895
1408.864531,-0.000892
1409.372099,-0.000885
1409.877608,-0.000880
1410.383965,-0.000873
1410.888732,-0.000866
1411.394746,-0.000860
1411.901345,-0.000853
1412.406605,-0.000848
1412.914442,-0.000841
1413.420689,-0.000836
1413.926438,-0.000830
1414.431071,-0.000826
1414.936511,-0.000820
1415.441967,-0.000817
1415.947095,-0.000813
1416.454442,-0.000811
1416.961522,-0.000807
1417.466381,-0.000806
1417.974198,-0.000803
1418.478156,-0.000802
1418.983273,-0.000800
1419.490337,-0.000799
1419.995851,-0.000797
1420.500969,-0.000796
1421.006330,-0.000795
1421.511330,-0.000794
1422.017820,-0.000793
1422.523186,-0.000792
1423.030185,-0.000792
1423.536182,-0.000791
1424.042182,-0.000791
1424.547336,-0.000790
1425.054462,-0.000790
1425.561337,-0.000789
1426.067347,-0.000789
1426.572071,-0.000789
1427.077089,-0.000788
1427.582280,-0.000788
1428.089782,-0.000788
1428.594818,-0.000787
1429.101161,-0.000787
1429.607719,-0.000787
1430.114651,-0.000787
1430.619300,-0.000786
1431.124144,-0.000786
1431.627382,-0.000786
1432.132390,-0.000786
1432.637572,-0.000786
1433.143619,-0.000786
1433.648197,-0.000785
1434.154763,-0.000785
1434.660373,-0.000785
1435.166803,-0.000784
1435.673224,-0.000785
1436.177837,-0.000784
1436.683347,-0.000784
1437.189155,-0.000784
1437.694331,-0.000784
1438.201414,-0.000784
1438.707680,-0.000784
1439.212543,-0.000784
1439.718689,-0.000783
1440.226715,-0.000784
1440.733756,-0.000783
1441.240560,-0.000783
1441.746974,-0.000783
1442.253436,-0.000783
1442.759735,-0.000783
1443.265378,-0.000783
1443.772697,-0.000783
1444.278054,-0.000783
1444.783422,-0.000783
1445.288489,-0.000783
1445.793436,-0.000783
1446.297978,-0.000783
1446.804105,-0.000783
1447.309314,-0.000783
1447.816001,-0.000783
1448.322771,-0.000782
1448.828355,-0.000782
1449.334202,-0.000782
1449.839375,-0.000782
1450.345320,-0.000782
1450.852321,-0.000782
1451.359022,-0.000782
1451.864291,-0.000782
1452.369070,-0.000782
1452.876194,-0.000782
1453.382195,-0.000782
1453.887710,-0.000782
1454.391185,-0.000781
1454.895710,-0.000781
1455.401561,-0.000782
1455.905999,-0.000782
1456.412331,-0.000781
1456.917860,-0.000781
1457.422266,-0.000781
1457.927295,-0.000781
1458.433192,-0.000781
1458.937393,-0.000781
1459.442565,-0.000781
1459.948818,-0.000781
1460.454963,-0.000781
1460.960331,-0.000781
1461.467509,-0.000781
1461.973053,-0.000781
1462.479209,-0.000781
1462.985592,-0.000781
1463.491333,-0.000781
1463.997486,-0.000781
1464.503554,-0.000781
1465.008703,-0.000781
1465.514993,-0.000781
1466.020397,-0.000780
1466.526474,-0.000780
1467.031476,-0.000780
1467.536474,-0.000780
1468.040794,-0.000780
1468.546004,-0.000780
1469.051619,-0.000780
1469.556954,-0.000780
1470.064135,-0.000780
1470.568743,-0.000780
1471.073296,-0.000780
1471.579015,-0.000780
1472.085598,-0.000780
1472.592217,-0.000780
1473.097394,-0.000780
1473.603493,-0.000780
1474.108925,-0.000780
1474.614106,-0.000780
1475.120603,-0.000780
1475.627240,-0.000780
1476.132861,-0.000780
1476.638936,-0.000780
1477.145298,-0.000780
1477.652467,-0.000780
1478.159389,-0.000780
1478.665051,-0.000780
1479.172212,-0.000780
1479.677699,-0.000780
1480.183785,-0.000779
1480.689673,-0.000780
1481.194870,-0.000780
1481.702378,-0.000780
1482.208482,-0.000780
1482.714895,-0.000779
1483.220542,-0.000780
1483.727825,-0.000779
1484.235177,-0.000780
1484.740178,-0.000780
1485.247252,-0.000780
1485.754364,-0.000780
1486.260678,-0.000780
1486.765809,-0.000780
1487.271430,-0.000780
1487.776344,-0.000779
1488.282597,-0.000780
1488.787813,-0.000780
1489.293778,-0.000780
1489.799807,-0.000779
1490.304702,-0.000779
1490.811846,-0.000780
1491.316408,-0.000780
1491.821351,-0.000779
1492.328447,-0.000780
1492.833786,-0.000779
1493.339408,-0.000779
1493.843829,-0.000779
1494.349930,-0.000779
1494.856173,-0.000779
1495.362647,-0.000780
1495.869644,-0.000779
1496.376709,-0.000779
1496.883057,-0.000780
1497.388540,-0.000779
1497.893378,-0.000779
1498.400340,-0.000779
1498.905262,-0.000779
1499.411436,-0.000779
1499.917070,-0.000779
1500.422244,-0.000779
1500.929757,-0.000779
1501.435509,-0.000779
1501.940642,-0.000780
1502.446440,-0.000779
1502.950972,-0.000779
1503.457216,-0.000779
1503.964628,-0.000779
1504.470630,-0.000779
1504.977632,-0.000779
1505.484005,-0.000779
1505.989513,-0.000779
1506.495168,-0.000779
1507.002044,-0.000779
1507.506576,-0.000779
1508.011861,-0.000779
1508.517646,-0.000779
1509.022862,-0.000779
1509.527688,-0.000779
1510.033041,-0.000779
1510.538565,-0.000779
1511.043746,-0.000779
1511.550053,-0.000779
1512.055128,-0.000779
1512.562400,-0.000779
1513.067277,-0.000779
1513.573444,-0.000779
1514.080461,-0.000779
1514.585700,-0.000779
1515.091287,-0.000779
1515.596291,-0.000779
1516.102629,-0.000779
1516.608174,-0.000779
1517.113761,-0.000779
1517.620293,-0.000779
1518.126743,-0.000779
1518.632010,-0.000779
1519.138330,-0.000779
1519.644535,-0.000779
1520.150538,-0.000779
1520.655045,-0.000779
1521.160037,-0.000779
1521.665833,-0.000779
1522.170864,-0.000779
1522.678189,-0.000779
1523.183609,-0.000779
1523.688944,-0.000779
1524.194738,-0.000779
1524.699650,-0.000779
1525.207260,-0.000779
1525.712562,-0.000779
1526.219697,-0.000779
1526.725944,-0.000779
1527.233415,-0.000779
1527.740737,-0.000779
1528.246428,-0.000779
1528.752887,-0.000779
1529.258731,-0.000779
1529.765263,-0.000779
1530.271425,-0.000779
1530.776533,-0.000779
1531.280007,-0.000779
1531.784373,-0.000779
1532.289955,-0.000778
1532.796465,-0.000779
1533.303725,-0.000779
1533.811411,-0.000779
1534.317137,-0.000779
1534.824603,-0.000779
1535.329078,-0.000779
1535.834058,-0.000779
1536.339058,-0.000779
1536.844004,-0.000779
1537.348746,-0.000778
1537.856037,-0.000779
1538.362615,-0.000779
1538.869250,-0.000779
1539.374178,-0.000779
1539.879792,-0.000779
1540.384449,-0.000779
1540.889160,-0.000779
1541.394237,-0.000778
1541.898534,-0.000779
1542.404666,-0.000779
1542.911089,-0.000779
1543.417088,-0.000779
1543.923087,-0.000778
1544.428602,-0.000778
1544.934915,-0.000779
1545.441970,-0.000779
1545.948239,-0.000778
1546.453909,-0.000779
1546.960545,-0.000778
1547.465826,-0.000779
1547.969826,-0.000779
1548.477154,-0.000779
1548.982937,-0.000778
1549.488131,-0.000778
1549.994504,-0.000778
1550.498094,-0.000778
1551.004419,-0.000778
1551.510603,-0.000779
1552.016159,-0.000779
1552.523190,-0.000778
1553.029216,-0.000778
1553.535427,-0.000778
1554.041883,-0.000778
1554.546232,-0.000778
1555.051515,-0.000778
1555.557156,-0.000778
1556.062816,-0.000779
1556.569419,-0.000778
1557.075544,-0.000778
1557.581131,-0.000778
1558.088467,-0.000778
1558.594685,-0.000778
1559.101996,-0.000779
1559.608437,-0.000778
1560.114491,-0.000778
1560.620180,-0.000778
1561.125409,-0.000778
1561.630701,-0.000778
1562.138321,-0.000778
1562.645543,-0.000778
1563.150356,-0.000778
1563.656488,-0.000778
1564.164006,-0.000778
1564.671629,-0.000778
1565.177262,-0.000778
1565.682254,-0.000778
1566.186945,-0.000778
1566.693034,-0.000778
1567.199311,-0.000778
1567.706000,-0.000778
1568.211554,-0.000778
1568.717493,-0.000778
1569.222944,-0.000778
1569.727743,-0.000778
1570.233996,-0.000778
1570.739638,-0.000778
1571.245557,-0.000778
1571.749877,-0.000778
1572.254338,-0.000778
1572.760875,-0.000778
1573.266146,-0.000778
1573.771249,-0.000778
1574.277306,-0.000778
1574.780840,-0.000778
1575.285385,-0.000777
1575.791218,-0.000777
1576.297679,-0.000778
1576.804001,-0.000777
1577.310949,-0.000777
1577.816548,-0.000777
1578.322732,-0.000777
1578.829733,-0.000776
1579.335079,-0.000776
1579.839606,-0.000776
1580.344722,-0.000775
1580.851645,-0.000775
1581.357088,-0.000775
1581.863885,-0.000774
1582.370003,-0.000774
1582.875594,-0.000773
1583.382780,-0.000772
1583.888417,-0.000770
1584.394455,-0.000768
1584.899831,-0.000766
1585.404667,-0.000763
1585.911208,-0.000754
1586.416059,-0.000694
1586.922667,-0.000512
1587.428880,-0.000515
1587.935052,-0.000582
1588.441658,-0.000630
1588.946248,-0.000650
1589.450559,-0.000664
1589.956689,-0.000667
1590.462304,-0.000667
1590.968574,-0.000674
1591.473890,-0.000672
1591.980843,-0.000670
1592.486557,-0.000655
1592.991893,-0.000650
1593.498078,-0.000578
1594.003855,-0.000488
1594.510050,-0.000381
1595.015687,-0.000362
1595.520536,-0.000379
1596.026555,-0.000427
1596.531676,-0.000453
1597.036510,-0.000461
1597.543018,-0.000447
1598.049298,-0.000424
1598.554307,-0.000400
1599.059218,-0.000391
1599.565740,-0.000403
1600.072607,-0.000403
1600.577304,-0.000390
1601.083511,-0.000350
1601.589650,-0.000339
1602.095025,-0.000333
1602.599650,-0.000328
1603.107633,-0.000308
1603.614632,-0.000291
1604.120688,-0.000265
1604.626862,-0.000236
1605.132527,-0.000209
1605.637266,-0.000166
1606.143526,-0.000146
1606.649580,-0.000121
1607.155429,-0.000106
1607.662127,-9.643681E-5
1608.167486,-9.695920E-5
1608.673534,-8.371289E-5
1609.178826,-7.375018E-5
1609.684779,-8.785470E-5
1610.189864,-9.218306E-5
1610.694689,-8.673529E-5
1611.201752,-7.591437E-5
1611.707952,-5.307849E-5
1612.213199,-4.617549E-5
1612.719783,-4.005607E-5
1613.227574,-3.483218E-5
1613.733165,-7.854501E-6
1614.238650,4.272394E-6
1614.743955,9.347033E-6
1615.248919,2.244408E-5
1615.756386,3.833964E-5
1616.263310,5.419789E-5
1616.768217,5.572774E-5
1617.273730,6.878748E-5
1617.778317,9.207111E-5
1618.284319,0.000113
1618.791637,0.000125
1619.295674,0.000133
1619.801974,0.000140
1620.306892,0.000171
1620.810407,0.000177
1621.317637,0.000161
1621.822702,0.000161
1622.327404,0.000169
1622.832158,0.000181
1623.336932,0.000197
1623.841265,0.000203
1624.346541,0.000215
1624.851489,0.000233
1625.357271,0.000238
1625.863009,0.000249
1626.368382,0.000255
1626.872188,0.000269
1627.376223,0.000280
1627.882455,0.000298
1628.386746,0.000298
1628.891424,0.000302
1629.397502,0.000306
1629.903342,0.000314
1630.410054,0.000316
1630.915446,0.000328
1631.418818,0.000339
1631.924070,0.000348
1632.430157,0.000357
1632.937062,0.000368
1633.441748,0.000371
1633.948290,0.000379
1634.454440,0.000400
1634.960145,0.000406
1635.466351,0.000414
1635.972851,0.000422
1636.477141,0.000433
1636.981759,0.000438
1637.487621,0.000447
1637.994117,0.000453
1638.498897,0.000457
1639.004581,0.000464
1639.510109,0.000475
1640.017283,0.000481
1640.523420,0.000491
1641.031627,0.000497
1641.537030,0.000510
1642.044031,0.000519
1642.548558,0.000529
1643.053019,0.000538
1643.559575,0.000547
1644.065898,0.000554
1644.570402,0.000561
1645.075469,0.000569
1645.580838,0.000579
1646.085479,0.000595
1646.590610,0.000604
1647.094904,0.000609
1647.598492,0.000614
1648.102425,0.000629
1648.607697,0.000633
1649.113491,0.000635
1649.620506,0.000643
1650.126256,0.000657
1650.631907,0.000663
1651.137175,0.000667
1651.642919,0.000671
1652.150203,0.000689
1652.656264,0.000707
1653.163608,0.000713
1653.668827,0.000711
1654.173377,0.000721
1654.680483,0.000738
1655.185252,0.000742
1655.690825,0.000749
1656.197364,0.000755
1656.701582,0.000768
1657.207916,0.000775
1657.712905,0.000784
1658.216889,0.000789
1658.722661,0.000796
1659.228136,0.000803
1659.734095,0.000812
1660.239425,0.000813
1660.744509,0.000818
1661.251271,0.000820
1661.755247,0.000826
1662.260536,0.000831
1662.767810,0.000839
1663.272581,0.000843
1663.778090,0.000850
1664.283683,0.000857
1664.788597,0.000863
1665.294798,0.000879
1665.799074,0.000885
1666.304961,0.000895
1666.810506,0.000901
1667.316435,0.000900
1667.823496,0.000902
1668.329549,0.000909
1668.835514,0.000915
1669.340539,0.000922
1669.847816,0.000929
1670.355911,0.000933
1670.861446,0.000936
1671.365716,0.000942
1671.871960,0.000943
1672.377719,0.000950
1672.882275,0.000956
1673.388238,0.000961
1673.894253,0.000964
1674.399447,0.000970
1674.904323,0.000978
1675.410127,0.000980
1675.916082,0.000986
1676.422117,0.001000